lid,longitude,latitude,naics_code,num_visits
470800,-79.6162195,37.1880955,441310.0,6
470893,-79.9215993451738,37.3621528581012,813910.0,7
470894,-79.9215993451738,37.3621528581012,813910.0,5
471085,-79.3017275,37.148544,491110.0,3
471110,-78.9457165,37.044482,445310.0,1
475909,-79.8679305,37.0124915,337910.0,1
476023,-79.8920985,37.0006045,722511.0,2
479563,-80.4168125,37.1670485,453310.0,1
479563,-80.4168125,37.1670485,812112.0,1
481049,-79.9596888544841,37.356424652744,424910.0,3
481100,-80.021735,37.234296,523120.0,1
481196,-79.9819045,37.2245135,722513.0,3
481221,-79.9101685,37.2786505,722511.0,1
482174,-81.8102235,37.09442,722513.0,2
482609,-81.090756,36.946151,722513.0,1
482622,-81.0003065,36.935873,238220.0,1
484927,-79.207774,37.400204,812990.0,6
485071,-79.1992395041045,37.3716809135782,812112.0,2
485078,-79.1828745766016,37.3698349717635,446199.0,1
485078,-79.1828745766016,37.3698349717635,447110.0,1
485081,-79.1828745766016,37.3698349717635,446199.0,1
485081,-79.1828745766016,37.3698349717635,447110.0,1
485082,-79.1828745766016,37.3698349717635,446199.0,6
485082,-79.1828745766016,37.3698349717635,447110.0,6
485083,-79.1828745766016,37.3698349717635,446199.0,2
485083,-79.1828745766016,37.3698349717635,447110.0,2
485084,-79.1828745766016,37.3698349717635,446199.0,2
485084,-79.1828745766016,37.3698349717635,447110.0,2
485085,-79.1828745766016,37.3698349717635,446199.0,4
485085,-79.1828745766016,37.3698349717635,447110.0,4
485111,-79.164783,37.386726,722511.0,1
485119,-79.188635,37.353665,441310.0,1
485177,-79.239829,37.355876,524126.0,3
485178,-79.239829,37.355876,524126.0,9
485209,-79.2498715,37.3674255,321918.0,2
485210,-79.2498715,37.3674255,321918.0,5
485211,-79.2498715,37.3674255,321918.0,1
487710,-79.97454,37.265819,722511.0,1
487770,-80.0859305,37.2893515,441310.0,2
487793,-80.0654525,37.29098,722515.0,5
487793,-80.0654525,37.29098,812112.0,5
487802,-80.0359885,37.263208,492110.0,2
972763,-79.2664095,37.364974,523930.0,5
973052,-79.2415414852003,37.3360403423324,517312.0,1
973053,-79.2415414852003,37.3360403423324,517312.0,2
973094,-79.281667,37.2327995,491110.0,2
981863,-79.397833,36.827489,813910.0,1
982986,-80.0034635,37.2449055,311811.0,1
982987,-80.0034635,37.2449055,311811.0,3
982988,-80.0034635,37.2449055,311811.0,2
983026,-80.012475,37.2256115,446110.0,4
987422,-79.141481,37.41467,448150.0,2
987422,-79.141481,37.41467,722513.0,2
987422,-79.141481,37.41467,812930.0,2
987423,-79.141481,37.41467,448150.0,2
987423,-79.141481,37.41467,722513.0,2
987423,-79.141481,37.41467,812930.0,2
987424,-79.141481,37.41467,448150.0,1
987424,-79.141481,37.41467,722513.0,1
987424,-79.141481,37.41467,812930.0,1
987425,-79.141481,37.41467,448150.0,2
987425,-79.141481,37.41467,722513.0,2
987425,-79.141481,37.41467,812930.0,2
987426,-79.141481,37.41467,448150.0,3
987426,-79.141481,37.41467,722513.0,3
987426,-79.141481,37.41467,812930.0,3
987477,-79.187713,37.374588,517911.0,5
987478,-79.187713,37.374588,517911.0,1
987556,-79.2396265,37.3561285,812112.0,4
989720,-79.981806,37.2716545,522390.0,2
989769,-80.0286645,37.2984935,721110.0,2
1477789,-79.246241,37.381232,441110.0,2
1477789,-79.246241,37.381232,441120.0,2
1477790,-79.246241,37.381232,441110.0,3
1477790,-79.246241,37.381232,441120.0,3
1477791,-79.246241,37.381232,441110.0,2
1477791,-79.246241,37.381232,441120.0,2
1477792,-79.246241,37.381232,441110.0,10
1477792,-79.246241,37.381232,441120.0,10
1477793,-79.246241,37.381232,441110.0,13
1477793,-79.246241,37.381232,441120.0,13
1477796,-79.2451860889371,37.3844636406363,812910.0,1
1477797,-79.2451860889371,37.3844636406363,812910.0,11
1477807,-79.2335305,37.3936255,524113.0,10
1477839,-79.5542135,37.432556,424480.0,1
1477840,-79.5542135,37.432556,424480.0,1
1477856,-79.4321575,37.3498135,491110.0,1
1477857,-79.4321575,37.3498135,491110.0,2
1477891,-79.635805,37.16476,812111.0,2
1477892,-79.635805,37.16476,812111.0,3
1477893,-79.635805,37.16476,812111.0,5
1477935,-79.800978,37.639826,813910.0,46
1477936,-79.800978,37.639826,813910.0,14
1478076,-79.1060075,37.2732225,326211.0,2
1488043,-79.999838,37.2375945,492110.0,2
1488043,-79.999838,37.2375945,524126.0,2
1488045,-79.999838,37.2375945,492110.0,1
1488045,-79.999838,37.2375945,524126.0,1
1488101,-79.9982400422318,37.2076820505738,323111.0,8
1492188,-79.1723715,37.3903845,447110.0,1
1492236,-79.1706019518482,37.3980858725157,447110.0,1
1492236,-79.1706019518482,37.3980858725157,522390.0,1
1492237,-79.1706019518482,37.3980858725157,447110.0,1
1492237,-79.1706019518482,37.3980858725157,522390.0,1
1492315,-79.209238732787,37.3610661160779,812112.0,7
1492316,-79.2064475,37.351386,453998.0,4
1492317,-79.2064475,37.351386,453998.0,2
1492391,-79.135265,37.381514,522110.0,1
1492392,-79.135265,37.381514,522110.0,3
1494476,-79.9365045,37.2748605,722513.0,5
1979374,-79.25455,37.3728805,323111.0,2
1979375,-79.25455,37.3728805,323111.0,1
1979376,-79.25455,37.3728805,323111.0,2
1979377,-79.25455,37.3728805,323111.0,4
1979378,-79.25455,37.3728805,323111.0,2
1979379,-79.25455,37.3728805,323111.0,7
1979381,-79.25455,37.3728805,323111.0,1
1979382,-79.25455,37.3728805,323111.0,3
1979383,-79.25455,37.3728805,323111.0,3
1979646,-79.1883095,37.3185315,541213.0,1
1979696,-79.1858435,37.23087,447110.0,1
1979697,-79.1858435,37.23087,447110.0,2
1980811,-77.998119,38.464212,447110.0,1
1984218,-80.0069165,36.922636,522110.0,3
1984264,-79.6277085,36.9818865,491110.0,1
1984456,-80.6378635,37.3212535,441310.0,1
1987835,-80.4208294597506,37.2369727090852,722513.0,2
1989151,-80.758629,37.0480315,722511.0,1
1989447,-79.897837,37.2803385,491110.0,1
1990491,-81.266029,37.2542445,331110.0,2
1990491,-81.266029,37.2542445,441310.0,2
1990871,-81.177978,36.9316215,445210.0,5
1990900,-81.0917157080778,36.9546871768063,522110.0,2
1993489,-79.1368595,37.4119845,451110.0,2
1995942,-79.9961215,37.281815,812112.0,9
1995970,-80.006327,37.3138585,722513.0,2
1996005,-79.9574295,37.257058,722513.0,3
1996021,-80.032984,37.3089445,811111.0,3
2481826,-79.2486405,37.375315,524126.0,5
2481827,-79.2486405,37.375315,524126.0,2
2481828,-79.2486405,37.375315,524126.0,5
2481829,-79.2486405,37.375315,524126.0,1
2481996,-79.8906327889308,37.4025658289642,441310.0,14
2482111,-79.1759325,37.297939,238220.0,2
2487290,-80.537117,37.355192,721110.0,2
2487290,-80.537117,37.355192,722511.0,1
2492302,-79.449781,37.6316805,452319.0,1
2494457,-79.38003,37.7426955,452319.0,1
2496773,-79.162615,37.3999445,441310.0,3
2496783,-79.16816,37.401998,522291.0,1
2496838,-79.163929,37.3834195,423610.0,3
2499020,-79.9274135,37.304059,531130.0,2
2499085,-79.92504,37.257519,447110.0,12
2499085,-79.92504,37.257519,522320.0,12
2499085,-79.92504,37.257519,522390.0,12
2499086,-79.92504,37.257519,447110.0,4
2499086,-79.92504,37.257519,522320.0,4
2499086,-79.92504,37.257519,522390.0,4
2985410,-79.3273365,37.345683,323111.0,3
2985430,-79.4891185,37.350714,812210.0,8
2985456,-79.6341505,37.1680345,453110.0,7
2985457,-79.6341505,37.1680345,453110.0,3
2985555,-79.8000945,37.3846235,722511.0,101
2985635,-79.184786,37.3109685,333999.0,3
2985637,-79.174345,37.296099,812112.0,2
2985650,-79.237596,37.339369,445110.0,3
2990005,-79.7201885,37.1205105,453998.0,1
2990092,-79.8933815,36.9992435,453220.0,1
2995177,-79.942588,37.3293375,238220.0,2
2995394,-79.283209,37.884215,447110.0,2
2995395,-79.283209,37.884215,447110.0,1
2995403,-79.5022925,37.9930235,452319.0,2
2995404,-79.5022925,37.9930235,452319.0,1
2995417,-79.4494045,37.6309655,532120.0,1
2996706,-81.05682,36.949699,722511.0,2
2999412,-78.8542805,38.4256865,523120.0,1
2999526,-79.2339146158077,37.4162955742622,541940.0,1
2999597,-79.1730405,37.4121285,524126.0,2
2999598,-79.1730405,37.4121285,524126.0,1
2999599,-79.1730405,37.4121285,524126.0,2
2999610,-79.141417,37.4126295,561622.0,3
2999618,-79.144639,37.4146445,445110.0,1
2999618,-79.144639,37.4146445,561510.0,1
2999660,-79.1660275,37.404648,452319.0,3
2999714,-79.15986,37.3782775,444130.0,2
2999747,-79.228569,37.3504765,812112.0,2
3001197,-80.5898695,37.1192115,447110.0,1
3001198,-80.5898695,37.1192115,447110.0,1
3001945,-79.9627525,37.278848,811111.0,8
3002096,-80.076841,37.288809,323111.0,2
3485051,-79.728106,37.382307,447110.0,22
3485052,-79.728106,37.382307,447110.0,94
3485053,-79.728106,37.382307,447110.0,63
3485054,-79.728106,37.382307,447110.0,31
3485086,-79.9060395,37.395958,721110.0,21
3485137,-79.811893,37.3724975,811111.0,60
3485251,-79.245149,37.331395,335312.0,1
3485307,-79.2847715,37.1134115,812112.0,3
3485308,-79.2847715,37.1134115,812112.0,1
3485311,-79.2847715,37.1134115,812112.0,1
3493695,-80.4313854410067,37.1268414448456,321918.0,1
3493742,-80.2404405,37.2327835,447110.0,2
3493742,-80.2404405,37.2327835,722513.0,2
3495215,-80.0146625,37.223141,812112.0,1
3495216,-80.0146625,37.223141,812112.0,2
3495217,-80.0146625,37.223141,812112.0,3
3495369,-79.984123,37.2231425,492110.0,3
3495369,-79.984123,37.2231425,541213.0,3
3495371,-79.984123,37.2231425,492110.0,6
3495371,-79.984123,37.2231425,541213.0,6
3495372,-79.984123,37.2231425,492110.0,1
3495372,-79.984123,37.2231425,541213.0,1
3495373,-79.984123,37.2231425,492110.0,6
3495373,-79.984123,37.2231425,541213.0,6
3495374,-79.984123,37.2231425,492110.0,4
3495374,-79.984123,37.2231425,541213.0,4
3495376,-79.984123,37.2231425,492110.0,1
3495376,-79.984123,37.2231425,541213.0,1
3495377,-79.984123,37.2231425,492110.0,2
3495377,-79.984123,37.2231425,541213.0,2
3495378,-79.984123,37.2231425,492110.0,5
3495378,-79.984123,37.2231425,541213.0,5
3495379,-79.984123,37.2231425,492110.0,1
3495379,-79.984123,37.2231425,541213.0,1
3495381,-79.984123,37.2231425,492110.0,1
3495381,-79.984123,37.2231425,541213.0,1
3495383,-79.984123,37.2231425,492110.0,2
3495383,-79.984123,37.2231425,541213.0,2
3495384,-79.984123,37.2231425,492110.0,4
3495384,-79.984123,37.2231425,541213.0,4
3495385,-79.984123,37.2231425,492110.0,1
3495385,-79.984123,37.2231425,541213.0,1
3495386,-79.984123,37.2231425,492110.0,10
3495386,-79.984123,37.2231425,541213.0,10
3495425,-79.8890645,37.2718605,445310.0,2
3496458,-81.798783,37.094717,813910.0,1
3496897,-80.9926375,36.938734,311811.0,1
3496897,-80.9926375,36.938734,447110.0,1
3496897,-80.9926375,36.938734,722515.0,1
3496898,-80.9926375,36.938734,311811.0,1
3496898,-80.9926375,36.938734,447110.0,1
3496898,-80.9926375,36.938734,722515.0,1
3496916,-81.095257,36.9571545,722513.0,1
3496918,-81.0972355,36.9586995,443142.0,2
3496918,-81.0972355,36.9586995,517312.0,2
3496918,-81.0972355,36.9586995,722513.0,2
3496918,-81.0972355,36.9586995,722515.0,2
3496919,-81.0972355,36.9586995,443142.0,2
3496919,-81.0972355,36.9586995,517312.0,2
3496919,-81.0972355,36.9586995,722513.0,2
3496919,-81.0972355,36.9586995,722515.0,2
3496920,-81.0972355,36.9586995,443142.0,1
3496920,-81.0972355,36.9586995,517312.0,1
3496920,-81.0972355,36.9586995,722513.0,1
3496920,-81.0972355,36.9586995,722515.0,1
3496942,-81.07913,36.9550035,441310.0,1
3499535,-79.21257,37.41048,722511.0,2
3499669,-79.1843415,37.3716065,522110.0,2
3499670,-79.1843415,37.3716065,522110.0,1
3499671,-79.1843415,37.3716065,522110.0,1
3499672,-79.1843415,37.3716065,522110.0,1
3501835,-79.9034664692017,37.2934947135637,326212.0,4
3501835,-79.9034664692017,37.2934947135637,441320.0,4
3503843,-78.174275,39.1864925,522390.0,1
3985690,-79.2418535,37.3856425,722513.0,3
3985798,-79.7539015,37.49844,812210.0,22
3985936,-79.1058285,37.2735255,447110.0,1
3985938,-79.1058285,37.2735255,447110.0,2
3985985,-79.213838,37.333653,323111.0,1
3985987,-79.213838,37.333653,323111.0,1
3992339,-79.858856,36.627273,722513.0,1
3995280,-80.7510175,37.053083,722513.0,6
3995358,-79.994896,37.329061,524126.0,2
3995371,-79.934122,37.328839,311811.0,2
3995415,-79.981886,37.3330685,444130.0,1
3995634,-79.231939,37.9321135,447110.0,2
3995634,-79.231939,37.9321135,722515.0,2
3995635,-79.231939,37.9321135,447110.0,1
3995635,-79.231939,37.9321135,722515.0,1
3995636,-79.231939,37.9321135,447110.0,3
3995636,-79.231939,37.9321135,722515.0,3
3995637,-79.231939,37.9321135,447110.0,1
3995637,-79.231939,37.9321135,722515.0,1
3999400,-79.2186856001168,37.4473583428627,531210.0,2
3999578,-79.1844355,37.3559775,722511.0,1
4001818,-80.0962175,37.290099,452319.0,4
4001819,-80.0962175,37.290099,452319.0,5
4001833,-80.0558165,37.290958,524126.0,2
4001839,-80.058526,37.2855325,522390.0,6
4001840,-80.058526,37.2855325,522390.0,3
4001841,-80.058526,37.2855325,522390.0,1
8688877,-80.081908,37.2891235,722513.0,3
8688918,-80.137389,37.272741,447110.0,5
8689225,-79.7915945,37.798338,491110.0,1
8691674,-79.9090755,37.289328,441310.0,5
8692058,-79.4975985,37.323391,722513.0,3
8692058,-79.4975985,37.323391,722515.0,3
8693254,-79.7915945,37.798338,491110.0,9
8694701,-79.5247355,37.3345925,522110.0,7
8694854,-79.9387395,37.2692005,492110.0,1
8694854,-79.9387395,37.2692005,522110.0,1
8694854,-79.9387395,37.2692005,523120.0,1
8694908,-79.526525,37.3350795,522110.0,4
8695463,-79.9387395,37.2692005,492110.0,4
8695463,-79.9387395,37.2692005,522110.0,4
8695463,-79.9387395,37.2692005,523120.0,4
8696479,-79.291597,37.10828,722513.0,2
8698867,-79.1551015,37.4135825,712110.0,2
8699655,-79.875478,36.6962665,722513.0,1
8700179,-79.8850485,37.7912315,721110.0,1
8700611,-79.2335305,37.3936255,524113.0,2
8700880,-79.9587295,37.302484,337910.0,3
8700880,-79.9587295,37.302484,453998.0,3
8700880,-79.9587295,37.302484,517312.0,3
8700880,-79.9587295,37.302484,722515.0,3
8701048,-79.4975985,37.323391,722513.0,1
8701048,-79.4975985,37.323391,722515.0,1
8701205,-79.9587295,37.302484,337910.0,5
8701205,-79.9587295,37.302484,453998.0,5
8701205,-79.9587295,37.302484,517312.0,5
8701205,-79.9587295,37.302484,722515.0,5
8701786,-79.4975985,37.323391,722513.0,5
8701786,-79.4975985,37.323391,722515.0,5
8701806,-79.8738965,37.2784545,722511.0,2
8702347,-80.027501,37.297724,722513.0,1
8702527,-81.8102235,37.09442,722513.0,3
8703128,-79.141481,37.41467,448150.0,1
8703128,-79.141481,37.41467,722513.0,1
8703128,-79.141481,37.41467,812930.0,1
8704172,-79.9587295,37.302484,337910.0,7
8704172,-79.9587295,37.302484,453998.0,7
8704172,-79.9587295,37.302484,517312.0,7
8704172,-79.9587295,37.302484,722515.0,7
8705146,-81.0955045,36.940162,722511.0,1
8705256,-79.2335305,37.3936255,524113.0,1
8705267,-79.8940075,37.2803765,524126.0,2
8705337,-79.661379,37.0800045,447110.0,1
8705869,-79.9776115,37.2649195,523120.0,2
8705869,-79.9776115,37.2649195,722511.0,2
8705869,-79.9776115,37.2649195,812112.0,2
8706120,-79.9587295,37.302484,337910.0,1
8706120,-79.9587295,37.302484,453998.0,1
8706120,-79.9587295,37.302484,517312.0,1
8706120,-79.9587295,37.302484,722515.0,1
8706806,-79.9797055,37.2275535,722511.0,1
8706806,-79.9797055,37.2275535,722513.0,1
8707243,-79.9392745,37.272934,482111.0,3
8707422,-79.9587295,37.302484,337910.0,2
8707422,-79.9587295,37.302484,453998.0,2
8707422,-79.9587295,37.302484,517312.0,2
8707422,-79.9587295,37.302484,722515.0,2
8707486,-80.137389,37.272741,447110.0,8
8707615,-80.091969,37.288332,722511.0,2
8707850,-79.1883095,37.3185315,541213.0,3
8707921,-79.9587295,37.302484,337910.0,3
8707921,-79.9587295,37.302484,453998.0,3
8707921,-79.9587295,37.302484,517312.0,3
8707921,-79.9587295,37.302484,722515.0,3
8708228,-81.0972355,36.9586995,443142.0,1
8708228,-81.0972355,36.9586995,517312.0,1
8708228,-81.0972355,36.9586995,722513.0,1
8708228,-81.0972355,36.9586995,722515.0,1
8708285,-79.9412865,37.256694,722515.0,1
8708874,-79.2045767087652,37.4159024739276,722513.0,1
8709088,-79.9587295,37.302484,337910.0,2
8709088,-79.9587295,37.302484,453998.0,2
8709088,-79.9587295,37.302484,517312.0,2
8709088,-79.9587295,37.302484,722515.0,2
8709299,-79.9797055,37.2275535,722511.0,3
8709299,-79.9797055,37.2275535,722513.0,3
8709766,-79.92504,37.257519,447110.0,11
8709766,-79.92504,37.257519,522320.0,11
8709766,-79.92504,37.257519,522390.0,11
8709974,-79.2796495,37.116738,446110.0,2
8709974,-79.2796495,37.116738,522390.0,2
8709990,-81.076617,36.9533235,444110.0,2
8710243,-79.2402575,37.3561155,722511.0,1
8710244,-79.2402575,37.3561155,722511.0,5
8710833,-81.0972355,36.9586995,443142.0,2
8710833,-81.0972355,36.9586995,517312.0,2
8710833,-81.0972355,36.9586995,722513.0,2
8710833,-81.0972355,36.9586995,722515.0,2
8710989,-79.9587295,37.302484,337910.0,5
8710989,-79.9587295,37.302484,453998.0,5
8710989,-79.9587295,37.302484,517312.0,5
8710989,-79.9587295,37.302484,722515.0,5
8711787,-79.9851024187788,37.222202999747,448120.0,4
8711806,-79.9587295,37.302484,337910.0,13
8711806,-79.9587295,37.302484,453998.0,13
8711806,-79.9587295,37.302484,517312.0,13
8711806,-79.9587295,37.302484,722515.0,13
8711853,-80.582447,37.1506375,722513.0,2
8711932,-79.94722,37.3498825,444130.0,4
8711932,-79.94722,37.3498825,453220.0,4
8712327,-79.969555,37.306289,452319.0,9
8712342,-79.9587295,37.302484,337910.0,7
8712342,-79.9587295,37.302484,453998.0,7
8712342,-79.9587295,37.302484,517312.0,7
8712342,-79.9587295,37.302484,722515.0,7
8713284,-80.4238776390921,37.1659133528132,722511.0,1
8713328,-79.9587295,37.302484,337910.0,8
8713328,-79.9587295,37.302484,453998.0,8
8713328,-79.9587295,37.302484,517312.0,8
8713328,-79.9587295,37.302484,722515.0,8
8713458,-79.2402575,37.3561155,722511.0,1
8714051,-79.2402575,37.3561155,722511.0,4
8714326,-80.4215995,37.159224,722515.0,1
8714691,-79.9587295,37.302484,337910.0,7
8714691,-79.9587295,37.302484,453998.0,7
8714691,-79.9587295,37.302484,517312.0,7
8714691,-79.9587295,37.302484,722515.0,7
8714829,-79.9587295,37.302484,337910.0,5
8714829,-79.9587295,37.302484,453998.0,5
8714829,-79.9587295,37.302484,517312.0,5
8714829,-79.9587295,37.302484,722515.0,5
8715088,-79.9111729556184,37.4161333774003,446110.0,58
8715177,-80.0962175,37.290099,452319.0,4
8715985,-79.9587295,37.302484,337910.0,4
8715985,-79.9587295,37.302484,453998.0,4
8715985,-79.9587295,37.302484,517312.0,4
8715985,-79.9587295,37.302484,722515.0,4
8716586,-79.9587295,37.302484,337910.0,6
8716586,-79.9587295,37.302484,453998.0,6
8716586,-79.9587295,37.302484,517312.0,6
8716586,-79.9587295,37.302484,722515.0,6
8716924,-79.2527503490649,37.3763810904811,453910.0,9
8717037,-79.9587295,37.302484,337910.0,2
8717037,-79.9587295,37.302484,453998.0,2
8717037,-79.9587295,37.302484,517312.0,2
8717037,-79.9587295,37.302484,722515.0,2
8717370,-79.2402575,37.3561155,722511.0,3
8717371,-79.2402575,37.3561155,722511.0,2
8717779,-79.9587295,37.302484,337910.0,6
8717779,-79.9587295,37.302484,453998.0,6
8717779,-79.9587295,37.302484,517312.0,6
8717779,-79.9587295,37.302484,722515.0,6
8718003,-79.9587295,37.302484,337910.0,4
8718003,-79.9587295,37.302484,453998.0,4
8718003,-79.9587295,37.302484,517312.0,4
8718003,-79.9587295,37.302484,722515.0,4
8718244,-79.9851024187788,37.222202999747,448120.0,3
8718535,-79.953153,37.3478945,441310.0,11
8718607,-79.964111,37.3078675,448120.0,3
8718607,-79.964111,37.3078675,448210.0,3
8719175,-79.8933815,36.9992435,453220.0,1
8719246,-79.9587295,37.302484,337910.0,7
8719246,-79.9587295,37.302484,453998.0,7
8719246,-79.9587295,37.302484,517312.0,7
8719246,-79.9587295,37.302484,722515.0,7
8719707,-79.120216,37.446097,447110.0,1
8719863,-79.964111,37.3078675,448120.0,7
8719863,-79.964111,37.3078675,448210.0,7
8719996,-79.9587295,37.302484,337910.0,2
8719996,-79.9587295,37.302484,453998.0,2
8719996,-79.9587295,37.302484,517312.0,2
8719996,-79.9587295,37.302484,722515.0,2
8720002,-79.9133985,37.409708,447110.0,41
8720002,-79.9133985,37.409708,447190.0,41
8720381,-79.9587295,37.302484,337910.0,5
8720381,-79.9587295,37.302484,453998.0,5
8720381,-79.9587295,37.302484,517312.0,5
8720381,-79.9587295,37.302484,722515.0,5
8720826,-81.505023,36.842606,722513.0,1
8720931,-80.571554,37.1357095,492110.0,1
8720931,-80.571554,37.1357095,522110.0,1
8722123,-81.0972355,36.9586995,443142.0,6
8722123,-81.0972355,36.9586995,517312.0,6
8722123,-81.0972355,36.9586995,722513.0,6
8722123,-81.0972355,36.9586995,722515.0,6
8722134,-79.9587295,37.302484,337910.0,5
8722134,-79.9587295,37.302484,453998.0,5
8722134,-79.9587295,37.302484,517312.0,5
8722134,-79.9587295,37.302484,722515.0,5
8723506,-80.4215995,37.159224,722515.0,1
8723765,-79.964111,37.3078675,448120.0,3
8723765,-79.964111,37.3078675,448210.0,3
8723828,-79.2527503490649,37.3763810904811,453910.0,8
8724026,-79.9797055,37.2275535,722511.0,4
8724026,-79.9797055,37.2275535,722513.0,4
8724188,-80.091969,37.288332,722511.0,3
8726624,-79.898355,37.392153,721110.0,13
8731981,-80.556555,37.1412105,447110.0,1
8732662,-80.556555,37.1412105,447110.0,1
8733368,-80.032984,37.3089445,811111.0,1
8733445,-80.0286645,37.2984935,721110.0,4
8733694,-79.96794,37.3046935,722511.0,2
8734021,-79.9111729556184,37.4161333774003,446110.0,11
8735179,-79.994896,37.329061,524126.0,1
8735389,-79.9387395,37.2692005,492110.0,1
8735389,-79.9387395,37.2692005,522110.0,1
8735389,-79.9387395,37.2692005,523120.0,1
8735559,-79.2234215,37.353834,812112.0,2
8735869,-79.2402575,37.3561155,722511.0,1
8737481,-79.9133985,37.409708,447110.0,17
8737481,-79.9133985,37.409708,447190.0,17
8737501,-79.141481,37.41467,448150.0,2
8737501,-79.141481,37.41467,722513.0,2
8737501,-79.141481,37.41467,812930.0,2
8738449,-79.9627525,37.278848,811111.0,1
8739236,-79.9776115,37.2649195,523120.0,3
8739236,-79.9776115,37.2649195,722511.0,3
8739236,-79.9776115,37.2649195,812112.0,3
8739320,-79.9034664692017,37.2934947135637,326212.0,2
8739320,-79.9034664692017,37.2934947135637,441320.0,2
8740396,-79.9387395,37.2692005,492110.0,3
8740396,-79.9387395,37.2692005,522110.0,3
8740396,-79.9387395,37.2692005,523120.0,3
8740990,-80.091969,37.288332,722511.0,2
8741477,-79.9776115,37.2649195,523120.0,3
8741477,-79.9776115,37.2649195,722511.0,3
8741477,-79.9776115,37.2649195,812112.0,3
8741936,-80.012475,37.2256115,446110.0,1
8744573,-79.3789576989301,37.7423221908558,445110.0,1
8744573,-79.3789576989301,37.7423221908558,522390.0,2
8745238,-79.623046,37.3516285,447110.0,1
8746405,-79.1368595,37.4119845,451110.0,3
8746662,-79.2527503490649,37.3763810904811,453910.0,1
8748270,-79.981806,37.2716545,522390.0,5
8748446,-79.9502885,37.275117,312120.0,1
8748874,-79.9797055,37.2275535,722511.0,5
8748874,-79.9797055,37.2275535,722513.0,5
8750208,-79.9387395,37.2692005,492110.0,3
8750208,-79.9387395,37.2692005,522110.0,3
8750208,-79.9387395,37.2692005,523120.0,3
8750593,-80.0180355,37.2985275,522390.0,1
8750609,-79.5091833889218,37.3284446726574,447110.0,2
8750609,-79.5091833889218,37.3284446726574,522390.0,2
8751417,-79.811893,37.3724975,811111.0,66
8753224,-80.770095,37.048794,447110.0,1
8755864,-79.9365045,37.2748605,722513.0,1
8756278,-80.075181,37.290472,517312.0,1
8757378,-79.969555,37.306289,452319.0,2
8757406,-79.1368595,37.4119845,451110.0,4
8757895,-79.9133985,37.409708,447110.0,16
8757895,-79.9133985,37.409708,447190.0,16
8758549,-79.902397,37.3039255,325120.0,1
8758832,-79.9776115,37.2649195,523120.0,1
8758832,-79.9776115,37.2649195,722511.0,1
8758832,-79.9776115,37.2649195,812112.0,1
8759746,-79.9387395,37.2692005,492110.0,8
8759746,-79.9387395,37.2692005,522110.0,8
8759746,-79.9387395,37.2692005,523120.0,8
8759860,-79.4975985,37.323391,722513.0,1
8759860,-79.4975985,37.323391,722515.0,1
8760385,-79.8819795,37.7884175,491110.0,4
8760791,-81.505023,36.842606,722513.0,1
8760890,-80.012475,37.2256115,446110.0,1
8761029,-79.8780155,37.2772135,722511.0,1
8761759,-79.5091833889218,37.3284446726574,447110.0,2
8761759,-79.5091833889218,37.3284446726574,522390.0,2
8762030,-80.556555,37.1412105,447110.0,1
8762376,-79.9776115,37.2649195,523120.0,1
8762376,-79.9776115,37.2649195,722511.0,1
8762376,-79.9776115,37.2649195,812112.0,1
8762665,-79.9776115,37.2649195,523120.0,1
8762665,-79.9776115,37.2649195,722511.0,1
8762665,-79.9776115,37.2649195,812112.0,1
8763615,-79.9387395,37.2692005,492110.0,3
8763615,-79.9387395,37.2692005,522110.0,3
8763615,-79.9387395,37.2692005,523120.0,3
8764238,-79.96794,37.3046935,722511.0,1
8765278,-79.141417,37.4126295,561622.0,2
8766220,-79.1706019518482,37.3980858725157,447110.0,1
8766220,-79.1706019518482,37.3980858725157,522390.0,1
8768323,-79.9034664692017,37.2934947135637,326212.0,3
8768323,-79.9034664692017,37.2934947135637,441320.0,3
8769088,-79.96794,37.3046935,722511.0,3
8769507,-79.9332505,37.2872365,445110.0,4
8769511,-79.9387395,37.2692005,492110.0,2
8769511,-79.9387395,37.2692005,522110.0,2
8769511,-79.9387395,37.2692005,523120.0,2
8769862,-79.6162195,37.1880955,441310.0,2
8770083,-80.0654525,37.29098,722515.0,2
8770083,-80.0654525,37.29098,812112.0,2
8770292,-77.0574585,38.818117,238220.0,3
8770292,-77.0574585,38.818117,238320.0,3
8770292,-77.0574585,38.818117,722511.0,6
8770292,-77.0574585,38.818117,812112.0,3
8770660,-81.0917157080778,36.9546871768063,522110.0,1
8771871,-79.9387395,37.2692005,492110.0,2
8771871,-79.9387395,37.2692005,522110.0,2
8771871,-79.9387395,37.2692005,523120.0,2
8771875,-80.4215995,37.159224,722515.0,1
8771906,-79.9133985,37.409708,447110.0,14
8771906,-79.9133985,37.409708,447190.0,14
8773297,-80.41428,37.1516715,325510.0,2
8774008,-79.96794,37.3046935,722511.0,3
8778850,-79.1706019518482,37.3980858725157,447110.0,2
8778850,-79.1706019518482,37.3980858725157,522390.0,2
8779333,-80.4144905,37.143929,813910.0,1
8779916,-80.06067,37.292576,238220.0,3
8779916,-80.06067,37.292576,323111.0,3
8779916,-80.06067,37.292576,524113.0,3
8780333,-79.902397,37.3039255,325120.0,1
8780554,-79.9776115,37.2649195,523120.0,5
8780554,-79.9776115,37.2649195,722511.0,5
8780554,-79.9776115,37.2649195,812112.0,5
8782236,-80.7683005,37.048372,447110.0,1
8782980,-79.2402575,37.3561155,722511.0,2
8784447,-80.027501,37.297724,722513.0,1
8784863,-79.9215993451738,37.3621528581012,813910.0,9
8785836,-79.8768437956119,37.4991395702825,712110.0,33
8787267,-79.1706019518482,37.3980858725157,447110.0,2
8787267,-79.1706019518482,37.3980858725157,522390.0,2
8787756,-80.422247,37.166074,517312.0,1
8787756,-80.422247,37.166074,722513.0,1
8788037,-79.92504,37.257519,447110.0,1
8788037,-79.92504,37.257519,522320.0,1
8788037,-79.92504,37.257519,522390.0,1
8788388,-79.981806,37.2716545,522390.0,3
8789385,-79.9133985,37.409708,447110.0,19
8789385,-79.9133985,37.409708,447190.0,19
8789843,-79.6162195,37.1880955,441310.0,3
8790543,-81.0917157080778,36.9546871768063,522110.0,7
8790635,-79.2234215,37.353834,812112.0,1
8790636,-79.96794,37.3046935,722511.0,1
8791226,-79.811893,37.3724975,811111.0,62
8792241,-80.06067,37.292576,238220.0,1
8792241,-80.06067,37.292576,323111.0,1
8792241,-80.06067,37.292576,524113.0,1
8792245,-79.2402575,37.3561155,722511.0,1
8792938,-79.5084735,37.3291815,333111.0,1
8792938,-79.5084735,37.3291815,444210.0,1
8794450,-79.9387395,37.2692005,492110.0,2
8794450,-79.9387395,37.2692005,522110.0,2
8794450,-79.9387395,37.2692005,523120.0,2
8795117,-79.811893,37.3724975,811111.0,54
8795888,-79.8780155,37.2772135,722511.0,1
8797181,-79.141481,37.41467,448150.0,1
8797181,-79.141481,37.41467,722513.0,1
8797181,-79.141481,37.41467,812930.0,1
8797918,-79.7915945,37.798338,491110.0,6
8798111,-81.090756,36.946151,722513.0,1
8798136,-79.5084735,37.3291815,333111.0,3
8798136,-79.5084735,37.3291815,444210.0,3
9835897,-79.9387395,37.2692005,492110.0,9
9835897,-79.9387395,37.2692005,522110.0,9
9835897,-79.9387395,37.2692005,523120.0,9
9836623,-79.994896,37.329061,524126.0,2
9837311,-77.3025845,38.6521955,522390.0,1
10718227,-79.96794,37.3046935,722511.0,1
10718487,-79.96794,37.3046935,722511.0,1
10718726,-80.091969,37.288332,722511.0,4
10718731,-79.96794,37.3046935,722511.0,1
10719185,-79.96794,37.3046935,722511.0,8
10719266,-79.96794,37.3046935,722511.0,5
10719382,-79.9387395,37.2692005,492110.0,3
10719382,-79.9387395,37.2692005,522110.0,3
10719382,-79.9387395,37.2692005,523120.0,3
10719744,-79.8850485,37.7912315,721110.0,5
10720026,-79.96794,37.3046935,722511.0,4
10720140,-80.0654525,37.29098,722515.0,2
10720140,-80.0654525,37.29098,812112.0,2
10720775,-79.96794,37.3046935,722511.0,2
10720936,-79.8850485,37.7912315,721110.0,6
10721078,-79.96794,37.3046935,722511.0,1
10721230,-80.091969,37.288332,722511.0,1
10721725,-79.8850485,37.7912315,721110.0,2
10721902,-79.526525,37.3350795,522110.0,8
10721912,-79.9111729556184,37.4161333774003,446110.0,19
10722675,-79.97454,37.265819,722511.0,4
10724297,-79.9111729556184,37.4161333774003,446110.0,30
10724375,-79.964111,37.3078675,448120.0,4
10724375,-79.964111,37.3078675,448210.0,4
10724565,-79.9111729556184,37.4161333774003,446110.0,17
10724581,-79.8850485,37.7912315,721110.0,2
10725894,-79.526525,37.3350795,522110.0,2
10726012,-79.96794,37.3046935,722511.0,2
10726665,-78.8696415,38.4480095,451110.0,2
10727413,-79.96794,37.3046935,722511.0,4
10728362,-79.8850485,37.7912315,721110.0,6
10729602,-79.9111729556184,37.4161333774003,446110.0,24
10730029,-79.9111729556184,37.4161333774003,446110.0,26
10730444,-79.96794,37.3046935,722511.0,3
10730476,-79.96794,37.3046935,722511.0,2
10730905,-79.8850485,37.7912315,721110.0,10
10731119,-79.964111,37.3078675,448120.0,3
10731119,-79.964111,37.3078675,448210.0,3
10731419,-79.8850485,37.7912315,721110.0,2
10732473,-79.96794,37.3046935,722511.0,1
10733131,-79.96794,37.3046935,722511.0,7
10733396,-79.8850485,37.7912315,721110.0,2
10733645,-79.526525,37.3350795,522110.0,2
10735208,-79.96794,37.3046935,722511.0,3
10735377,-79.96794,37.3046935,722511.0,4
11248411,-79.9797055,37.2275535,722511.0,4
11248411,-79.9797055,37.2275535,722513.0,4
11248534,-79.2402575,37.3561155,722511.0,3
11248725,-79.661379,37.0800045,447110.0,2
11250055,-78.1669405,39.1758745,445110.0,1
11250055,-78.1669405,39.1758745,451110.0,1
11250349,-80.4215995,37.159224,722515.0,2
11250987,-79.8768437956119,37.4991395702825,712110.0,88
11251315,-79.9797055,37.2275535,722511.0,5
11251315,-79.9797055,37.2275535,722513.0,5
11251437,-79.9776115,37.2649195,523120.0,4
11251437,-79.9776115,37.2649195,722511.0,4
11251437,-79.9776115,37.2649195,812112.0,4
11251646,-80.075181,37.290472,517312.0,1
11253453,-79.141481,37.41467,448150.0,2
11253453,-79.141481,37.41467,722513.0,2
11253453,-79.141481,37.41467,812930.0,2
11253856,-80.556555,37.1412105,447110.0,1
11253887,-79.2527503490649,37.3763810904811,453910.0,4
11474851,-80.06067,37.292576,238220.0,1
11474851,-80.06067,37.292576,323111.0,1
11474851,-80.06067,37.292576,524113.0,1
11475648,-80.0180355,37.2985275,522390.0,1
1123293884,-79.9060395,37.395958,721110.0,3
